<foods>
	<food><code>1</code><name>신라면큰사발</name><maker>농심</maker><allergy>해당없음</allergy><material>육수맛조미베이스,소맥분(호주산,미국산),버섯풍미분말,감자전분(독일산),정백당,팜유(말레이시아산),변성전분,복합조미간장분말,난각칼슘,매운탕분말,정제염,정제염,비프조미페이스트,사골된장분말,비프조미분,이스트조미액,포도당,면류첨가알칼리제 ( 산도조절제 ),생고추조미분말,혼합제제 ( 산도조절제 ),칠리맛조미분,올리고녹차풍미액,양념구이조미분,비타민B₂,볶음양념분,수육조미분,호화감자전분,조미양념분,마늘추출물분말,후추가루,분말된장,5-리보뉴클레오티드이나트륨,양파풍미분,사골추출물분말,육수조미분말,양파조미베이스,호박산이나트륨,장국양념분말,다시마정미추출분말,매운맛조미분,고춧가루,분말카라멜 ( 카라멜색소 , 물엿분말 ),생강추출물분말,건표고버섯,건파,건청경채,조미건조홍고추</material><image>img/신라면큰사발.jpg</image></food>
	<food><code>2</code><name>진라면컵매운맛</name><maker>오뚜기</maker><allergy>해당없음</allergy><material>참맛매운육수분말,소맥분(미국산,호주산),변성전분,포도당,발효복합분,팜유(말레이시아산),진한감칠맛분,글루텐,숙성마늘맛분,정제소금,마늘양념분말,유화유지,난각분말,볶음마늘분,치킨추출농축액,백설탕,마늘시즈닝,간장분말,야채추출물,식용유지가공품,면류첨가알칼리제 ( 산도조절제 ),정제소금,비타민 B₂,효모조미분,칠리맛분말,녹차풍미유,전분,쇠고기간장분말,쇠고기향미분말,후추분말,고춧가루,구아검,조미아미노산분말,향미증진제,칠리추출물,고추농축소스,산도조절제,건파,조미쇠고기맛후레이크,건당근,건표고버섯,건조채심,건고추입자,[ 소맥분 ( 밀 ), 탈지대두 ( 대두 ), 유당 ( 우유 ), 난각분말 ( 계란 ), 땅콩단백 ( 땅콩 ), 돈골 ( 돼지고기 )]</material><image>img/진라면컵매운맛.jpg</image></food>
	<food><code>3</code><name>큰컵삼양라면</name><maker>삼양식품</maker><allergy>해당없음</allergy><material>볶음면조미분말,소맥분(미국산,호주산),부대찌개베이스,전분(태국산),팜유,설탕,정제염,정제염,맛베이스에스,미감에스유,식물성간장분말,면류첨가알칼리제 ( 산도조절제 ),감자전분,양파엑기스,양념간장분,구아검,지미맛분말,비타민B₂,구연산,햄풍미분말,육수맛분말,녹차풍미유,김치조미분말,돈육풍미분말,볶음양념분말,혼합양념분말,진사골추출물분말,전지분유,팜유,부대찌개분말,쇠고기양념분말,저염풍미분에스,후추분,향미증진제,매운조미고추맛분,김치찌개풍미분말,베이컨향분말,햄베이스시즈닝,파프리카추출색소,마늘맛오일,조미콩단백,실당근,건청파,청경채,고단백건조유부,{ 소맥분 ( 밀 ), 탈지대두 ( 대두 ), 돼지고기 , 전지분유 ( 우유 ), 계란 , 땅콩 }</material><image>img/큰컵삼양라면.jpg</image></food>
	<food><code>4</code><name>새우탕큰사발</name><maker>농심</maker><allergy>새우</allergy><material>소맥분(호주산,미국산),감자전분(독일산),팜유,변성전분,식물성풍미유,난각칼슘,정제염,야채조미추출물,면류첨가알칼리제 ( 산도조절제 ),혼합제제 ( 산도조절제 ),올리고녹차풍미액,비타민B₂,새우베이스분말,정제염,정백당,육수베이스분말,매운맛분말,조미양념분,매운탕조미분말,호화옥수수분,육수맛조미베이스,오징어조미분말,오징어풍미분말,양념구이조미분,5-리보뉴클레오티드이나트륨,분말고추장,이스트풍미분,호박산이나트륨,복합조미간장분말,분말카라멜 ( 카라멜색소 , 물엿분말 ),다시마정미추출분말,혼합해물베이스분말,멸치조미분,향신조미분,후추가루,다시마표고조미분,수화검 ( 구아검 , 산탄검 ),후추추출물분말,어포,새우맛볼,건미역,건당근,건새우,새우 ( 중국산 58.1% , 캐나다산 41.0% , 국내산 0.9% )</material><image>img/새우탕큰사발.jpg</image></food>
	<food><code>5</code><name>육개장큰사발면</name><maker>농심</maker><allergy>해당없음</allergy><material>육개장조미료,소맥분(호주산,미국산),팜유(말레이시아산),정제염,양념간장베이스,감자전분,변성전분,조미아미노산간장분말,정백당,식물성풍미유,물엿분말,난각칼슘,양념풍미분,정제염,볶음양념분,면류첨가알칼리제 ( 산도조절제 ),육수조미분말,비프양념분말,혼합제제 ( 산도조절제 ),간장조미액,마늘추출물분말,복합양념분말,구아검,올리고녹차풍미액,팜유조미분말,이스트풍미분,비타민B₂,후추가루,매운맛조미분,5-리보뉴클레오티드이나트륨,분말고추장,양파풍미분,수육조미분,호박산이나트륨,칠리풍미분말,복합조미간장분말,건파,계란스크램블,건조맛살어묵,소용돌이맛살</material><image>img/육개장큰사발면.jpg</image></food>
	<food><code>6</code><name>메로나</name><maker>빙그레</maker><allergy>해당없음</allergy><material>정제수,백설탕,데어리스프레드 (외국산:뉴질랜드,독일,호주),프락토올리고당,물엿,혼합탈지분유 ( 외국산 :네덜란드,아일랜드,독일),말티톨시럽,메론시럽 0.15% ( 메론 70% : 국산 ),정제염,로커스트콩검,셀룰로오스검,혼합제제 ( 구아검 , 로커스트콩검 , 카라기난 , 셀룰로오스검 , 유화제 ),치자청색소,심황색소,합성착향료 ( 메론향 )</material><image>img/메로나.jpg</image></food>
	<food><code>7</code><name>누크바</name><maker>롯데제과</maker><allergy>땅콩</allergy><material>정제수,기타코코아가공품[야자유(수입산),백설탕,채종유(호주산),땅콩버터,혼합분유,코코아매스],백설탕,혼합분유(수입산;탈지분유,유청분말),기타올리고당 ( 물엿 , 이소말토올리고당 , 액상과당 ),땅콩(중국산),가공버터 ( 유크림 , 야자유 ),아이스혼합유 ( 야자유 80% , 팜유 20% ),혼합제제Ⅰ ( 구아검 , 로커스트콩검 , 카라기난 , 타마린드검 ),천연착향료 ( 바닐라향 ),유화제,합성착향료 ( 바닐라향 ),혼합제제Ⅱ ( 치자황색소 , 덱스트린 , 비트레드 )</material><image>img/N45누크바.jpg</image></food>
	<food><code>8</code><name>비비빅</name><maker>빙그레</maker><allergy>우유</allergy><material>정제수,당통팥22%(중국산: 백설탕 , 팥 ),백설탕,물엿,팥분말(중국산),혼합탈지분유,데어리스프레드,액상과당,찰옥수수알파전분,유청분말,정제염,구아검,락색소,카라멜색소,합성착향료 ( 팥향 ),치자청색소</material><image>img/비비빅.jpg</image></food>
	<food><code>9</code><name>수박바</name><maker>롯데제과</maker><allergy>땅콩</allergy><material>정제수,백설탕,프락토올리고당,초코땅콩 ( 땅콩 ),폴리덱스트로스,말티톨시럽,아이스혼합유,유화제,혼합제제 ( 구아검 ( 대두 ), 카라기난 , 산도조절제 , 로커스트콩검 , 타마린드검 ),수박농축액 0.1% ( 고형분 65% ),합성착향료 ( 딸기향 , 멜론향 ),정제소금,혼합제제II ( 비트레드 , 덱스트린 , 치자황색소 ),비타민C,구연산,혼합제제III ( 치자청색소 , 치자황색소 , 덱스트린 )</material><image>img/수박바.jpg</image></food>
	<food><code>10</code><name>죠스바</name><maker>롯데제과</maker><allergy>해당없음</allergy><material>정제수,프락토올리고당,백설탕,기타올리고당 ( 물엿 , 이소말토올리고당 , 액상과당 ),딸기쨈3%(딸기;국산),구연산,오렌지농축액0.14%(고형분65%),합성착향료 ( 딸기향 , 오렌지향 ),혼합제제Ⅰ ( 카라기난 , 구아검 ( 대두 ), 산도조절제 , 로커스트콩검 , 타마린드검 ),혼합제제Ⅱ ( 구아검 , 카라기난 , 산도조절제 , 로커스트콩검 , 타마린드검 ),혼합제제Ⅲ ( 유화제 , 탄산칼슘 , 규소수지 ),비타민C,혼합제제Ⅳ ( 덱스트린 , 치자청색소 , 홍국적색소 , 치자황색소 ),혼합제제Ⅴ ( 비트레드 , 덱스트린 , 치자황색소 )</material><image>img/죠스바.jpg</image></food>
	<food><code>11</code><name>서울우유바나나</name><maker>서울우유</maker><allergy>우유</allergy><material>원유 60.12%(국산),정제수,액상과당,정백당,유크림 2.93%(국산),탈지분유 2.143%,바나나농축과즙(바나나과즙 1%,이스라엘산),올리고당,합성착향료 ( 바나나향 )</material><image>img/서울우유바나나.jpg</image></food>
	<food><code>12</code><name>맛있는우유GT</name><maker>남양유업</maker><allergy>우유</allergy><material>1A등급 원유 ( 국산 ) 100% ( 세균수기준 )</material><image>img/맛있는우유GT.jpg</image></food>
	<food><code>13</code><name>칠성사이다</name><maker>롯데칠성음료</maker><allergy>해당없음</allergy><material>정제수,액상과당,백설탕,탄산가스,구연산,레몬라임향</material><image>img/칠성사이다.jpg</image></food>
	<food><code>14</code><name>비타500칼슘</name><maker>광동제약</maker><allergy>해당없음</allergy><material>정제수,액상과당,농축사과과즙 ( 당도 72Brix이상 , 뉴질랜드산 ),비타민C 0.5% ( 900% ),퓨라칼 (칼슘12%이상)0.05%,합성착향료 ( 드링크향 ),구연산,케이디비타 2800,구연산삼나트륨,펙틴,타우린,DL-사과산,오렌지추출물</material><image>img/비타500칼슘.jpg</image></food>
	<food><code>15</code><name>비타파워</name><maker>롯데제과</maker><allergy>해당없음</allergy><material>정제수,액상과당,비타민C,구연산,합성착향료 ( 드링크향 , 혼합과일향 ),구연산삼나트륨,효소처리스테비아,타우린,수크랄로스 ( 합성감미료 ),비타민B2인산에스테르나트륨</material><image>img/비타파워.jpg</image></food>
	<food><code>16</code><name>칸타타아메리카노</name><maker>롯데제과</maker><allergy>해당없음</allergy><material>칸타타원두커피추출액30%(에티오피아50%,콜롬비아30%,브라질20%),정제수,백설탕,합성착향료 ( 커피향 ),탄산수소나트륨,L-아스코르빈산나트륨</material><image>img/칸타타아메리카노.jpg</image></food>
	<food><code>17</code><name>칸타타프리미엄라떼</name><maker>롯데제과</maker><allergy>우유</allergy><material>칸타타원두커피추출액42%(에티오피아50%,콜롬비아30%,브라질20%),정제수,우유15%(국내산),백설탕,혼합분유 ( 탈지분유 , 유청분말 ),탄산수소나트륨,합성착향료 ( 커피향 , 우유향 ),유화제,L-아스코르빈산나트륨</material><image>img/칸타타프리미엄라떼.jpg</image></food>
	<food><code>18</code><name>맥심티오피스위트아메리카노</name><maker>동서식품</maker><allergy>해당없음</allergy><material>맥심 에스프레소 커피추출액 ( 고형분 5.0%이상 ,커피원두:콜롬비아산60%,브라질산21%)12.6%,정제수,백설탕,탄산칼륨,합성착향료 ( 커피향 ),비타민C,자당지방산에스테르</material><image>img/맥심티오피스위트아메리카노.jpg</image></food>
	<food><code>19</code><name>맥심티오피마스터라떼</name><maker>동서식품</maker><allergy>우유</allergy><material>정제수,우유 (국내산)15%,맥심 에스프레소 커피추출액 ( 고형분 5.0%이상 ,커피원두:콜롬비아산60%,브라질산21%)12.6%,백설탕,유크림,탈지분유,탄산칼륨,자당지방산에스테르,비타민C</material><image>img/맥심티오피마스터라떼.jpg</image></food>
	<food><code>20</code><name>아카페라아메리카노</name><maker>빙그레</maker><allergy>해당없음</allergy><material>정제수,콜드브루커피추출액7%(고형분3%이상/커피원두:에티오피아40%,콜롬비아30%,브라질30%),백설탕,에스프레소커피추출액 1.54% ( 고형분 34%이상 /커피원두:브라질),탄산수소나트륨,아스코르빈산나트륨,천연커피향</material><image>img/아카페라아메리카노.jpg</image></food>
	<food><code>21</code><name>왕수박바</name><maker>롯데제과주식회사</maker><allergy>땅콩</allergy><material>정제수,백설탕,프락토올리고당,초코땅콩(땅콩),폴리덱스트로스,말티톨시럽,아이스혼합유,유화제,혼합제제(구아검(대두),카라기난,산도조절제,로커스트콩검,타마린드검),수박농축액0.1%(고형분65%),합성착향료(딸기향,메론향),정제소금,혼합제제Ⅱ(비트레드,덱스트린,치자황색소),비타민C,구연산,혼합제제Ⅲ(치자청색소,치자황색소,덱스트린)</material><image>img/1.PNG</image></food>
	<food><code>22</code><name>양파링</name><maker>농심</maker><allergy>해당없음</allergy><material>소맥분(밀;미국산),옥수수전분(옥수수;수입산),미강유(태국산),변성전분,팜유,양파맛베이스분말(정백당,분말셀룰로오스,정제염,화이버졸,양파추출물분말),양파농축액,양파베이컨맛시즈닝,감자분말,비타민B2</material><image>img/2.PNG</image></food>
	<food><code>23</code><name>새우깡</name><maker>농심</maker><allergy>해당없음</allergy><material>소맥분(밀;미국산),미강유(태국산),맛베이스조미분말{옥수수전분(옥수수;수입산),감자전분(독일산),정백당,천일염(신안군),새우추출분말},새우,팜유,옥수수전분,새우풍미유,염미시즈닝{볶음천일염(신안군)}</material><image>img/3.PNG</image></food>
	<food><code>24</code><name>바나나킥</name><maker>농심</maker><allergy>해당없음</allergy><material>콘밀(옥수수;프랑스산 50%, 호주산 50%), 정백당, 미강유(태국산), 바나나분말(에콰도르산), 팜유, 탈지분유, 정제염, 합성착향료(바나나향, 분말바나나향 바나나컴파운드향), 난백분, 강황분말</material><image>img/4.PNG</image></food>
	<food><code>25</code><name>서울우유</name><maker>서울우유협동조합</maker><allergy>우유</allergy><material>국산원유100%</material><image>img/5.PNG</image></food>
	<food><code>26</code><name>칠성사이다</name><maker>롯데칠성음료</maker><allergy>해당없음</allergy><material>정제수,액상과당,백설탕,이산화탄소,구연산,레몬라임향</material><image>img/칠성사이다.jpg</image></food>
	<food><code>27</code><name>마가렛트</name><maker>롯데제과주식회사</maker><allergy>해당없음</allergy><material>밀가루(밀;수입산),케익분말[밀가루(수입산),백설탕,전란액(국내산),채종유,가공버터],쇼트닝Ⅰ(정제가공유지(말레이시아산;부분경화유),정제우지(호주산)),백설탕,물엿,전란액,가공버터,땅콩,글리세린,전지분골드Ⅰ,D-소르비톨액,쇼트닝Ⅱ,당류가공품,주정,정제소금,혼합제제Ⅰ(산도조절제,옥수수전분),혼합제제Ⅱ(변성전분,백설탕,덱스트린),산도조절제,레시틴,혼합분유,기타가공품,합성착향료(바닐라향,버텨향),팜추출물</material><image>img/6.PNG</image></food>
	<food><code>28</code><name>롯데칸쵸</name><maker>롯데제과주식회사</maker><allergy>해당없음</allergy><material>밀가루(미국산,캐나다산),백설탕,혼합식용유(부분경화유,말레이시아산),코코아매스(코코아빈;가나산,에콰도르산),식용유지,혼합분유,유당,산도조절제,텍스트린,견과류가공품,전지분골드Ⅰ, 정제소금, D-말티톱시럽,합성착향료(바닐라향,버터향),레시틴,혼합제제(효모,밀가루),카라멜색소,효소제,유화제</material><image>img/7.PNG</image></food>
	<food><code>29</code><name>빼빼로</name><maker>롯데제과주식회사</maker><allergy>땅콩</allergy><material>밀가루(밀·수입산),백설탕,코코아매스(가나산·코코아빈),식물성유지,쇼트닝,유당(우유),코코아프리퍼레이션,기타가공품,곡류가공품,가공버터,전란액(계란),산도조절제,전지분골드Ⅰ,맥아엑기스,정제소금,액상과당,합성착향료(팜브래드향,초콜릿향,바닐라향),유화제(대두),효소제,효모</material><image>img/8.PNG</image></food>
	<food><code>30</code><name>콘칩</name><maker>청우식품</maker><allergy>해당없음</allergy><material>옥수수(수입산)68%,혼합식용유[팜올레인유60%(말레이시아산),해바라기유40%(수입산)],로스트콘시즈닝(대두,우유),해조칼슘,정제염,백설탕,면실유,포티엄알40(해바라기유,로즈마리추출액)</material><image>img/9.PNG</image></food>
	<food><code>31</code><name>미니리얼브라우니샌드</name><maker>호남샤니</maker><allergy>우유,달걀흰자</allergy><material>밀가루(밀/미국산),백설탕,계란/국산,마가린/인도네시아산(정제팜올레인유,팜유,팜스테아린,정제소금,유화제),초콜릿(코코아매스,설탕,코코아버터,무수유지방(우유),레시틴(대두),쇼트닝(가공유지,유화제,올레오레진로즈메리),코코아분말,당류가공품,탈지분유,혼합제제(산도조절제,전분),잔탄검,산도조절제,합성착향료(바닐라향),혼합제제[베타카로틴(합성착색료),유화제,d-알파-토코페롤,구연산]</material><image>img/10.PNG</image></food>
	<food><code>32</code><name>초코송이</name><maker>오리온</maker><allergy>해당없음</allergy><material>송이크래커[밀가루(밀:미국산),식물성유지(팜올레인유:말레이시아산),백설탕,쇼트닝,전분,치자황색소],백설탕,식물성유지1(말레이시아산),식물성유지2(말레이시아산),코코아프리퍼레이션(전지분유,코코아분말),탈지분유,유당,식물성크림분말,코코아메스,코코아분말,유화제,천연바닐라추출물,합성착향료(바닐린)</material><image>img/11.PNG</image></food>
	<food><code>33</code><name>안성탕면</name><maker>농심</maker><allergy>해당없음</allergy><material>면/소맥분(미국산,호주산), 감자전분(독일산), 팜유(말레이시아산), 쌀가루, 글루텐, 난각칼슘, 정제염, 면류첨가알칼리제(산도조절제), 혼합제제(산도조절제), 마늘조미액, 구아검, 올리고녹차풍미액, 비타민B2. 스프류/정제염, 양념조미분말, 정백당, 볶음된장분말, 양념장베이스, 고소한양념분말, 구수한맛분말, 사골우거지베이스, 간장조미분말, 사골추출물분말, 조미된장분말, 전골스파이스분말, 5'-리보뉴클레오티드이나트륨, 건미역, 매운맛분말, 비프본오일분말, 볶음양념분, 육수맛조미베이스, 계란스크램블, 후추가루, 호박산이나트륨, 염장고추분말, 칠리맛풍미분, 복합양념분말, 불고기맛분말, 이스트조미분, 마늘동결건조분말, 분말카라멜(물엿분말, 카라멜색소), 고추후레이크, 진한맛조미분</material><image>img/12.PNG</image></food>
	<food><code>34</code><name>꼬꼬면</name><maker>팔도</maker><allergy>닭고기</allergy><material>면-소맥분(밀:미국산,호주산),팜유(말레이시아산),감자전분,변성전분,정제염,글루텐,감미유S,야채풍미액,양파농축액,면류첨가알칼리제(탄산칼륨,탄산나트륨,피로인산나트륨),구아검,산도조절제,꼬막칼슘분말,비타민B2,녹차풍미액 스프-치킨스프베이스,정제염,설탕,치킨스톡분말,닭육수분말,맛베이스,건파,덱스트린,건조지단(계란,밀),치킨브로스분말,대파엑기스파우다,간장조미분말(대두),조미닭고기후레이크,건홍피망,마늘엑기스분말(우유),링청고추,복합감칠맛분말,고춧가루,청양고추추출물분말,청양고추엑기스분말,치킨팻,흑후추분말,향미증진제,진한감칠맛분,치킨향분말</material><image>img/13.PNG</image></food>
	<food><code>35</code><name>꼬북칩</name><maker>오리온</maker><allergy>해당없음</allergy><material>콘스낵믹스 네덜란드산(볶음옥수수가루,정백당,식염),옥수수가루 네덜란드산,식물성유지(팜올레인유 말레이시아산,해바라기유 외국산:우크라이나산,말레이시아산,스페인산),정백당,시나몬슈가씨즈닝(백설탕,계피가루 베트남산,기타설탕,가공소금,버터혼합분말),계피분말 베트남산, 산도조절제, 천일염구운소금</material><image>img/14.PNG</image></food>
	<food><code>36</code><name>호두마루</name><maker>해태제과식품</maker><allergy>우유,땅콩</allergy><material>호두1.5%(미국산),유지방6%,물,백설탕,유크림(국산,우유),물엿,혼합분유(수입산),가공버터,견과류가공품(호두분태,미국산),덱스트린,혼합제제1(구아검,카라기난,로커스트콩검,덱스트린,포도당,산도조절제,유화제,카르복시메틸셀룰로오스나트륨),혼합제제2(로커스트콩검,잔탄검,덱스트림),카제인나트륨,정제소금,천연색소(카로틴,카카오색소,합성착향료(후두향1,호두향2)</material><image>img/15.PNG</image></food>
	<food><code>37</code><name>체리마루</name><maker>해태제과식품</maker><allergy>우유</allergy><material>물,백설탕,가공버터{(버터,야자경화유,무지유고형분),외국산(네덜란드,호주,독일)},체리시럽{백설탕,체리농축퓨레(폴란드산),물엿,액상과당,사과산},혼합분유{(탈지분유,탈염유청분말,농축유청단백),외국산(네덜란드,벨기에,독일)},물엿,혼합제제(구아검,카라기난,로커스트콩검,유화제,알긴산나트륨,카복시메틸셀룰로스나트륨),카제인나트륨,합성향료(다크체리향),비트레드색소,치자황색소</material><image>img/16.PNG</image></food>
	<food><code>38</code><name>스크류바</name><maker>롯데제과</maker><allergy>해당없음</allergy><material>정제수,기타올리고당(물엿,이소말토올리고당,액상과당),백설탕,액상과당,딸기잼,과채가공품,사과농축액0.4%(고형분함량50%),구연산,합성향료(딸기향,사과향),혼합제제Ⅰ(카라기난,구아검,산도조절제,로커스트콩검,타마린드검),혼합제제Ⅱ(구아검,카라기난,산도조절제,로커스트콩검,타마린드검),혼합제제Ⅲ(유화제,탄산칼슘,규소수지),혼합제제Ⅳ(자주색고구마색소,치자황색소)</material><image>img/17.PNG</image></food>
	<food><code>39</code><name>빵또아</name><maker>빙그레</maker><allergy>해당없음</allergy><material>아이스밀크.쿠키4.5%,카스텔라27.29%,설탕</material><image>img/18.PNG</image></food>
	<food><code>40</code><name>투게더</name><maker>빙그레</maker><allergy>우유</allergy><material>정제수,원유24%(국산),백설탕,유크림(국산,우유),혼합제제분유(탈지분유,유청분말),물엿,데어리스프레드(우유),코코아분말2.6%[스페인산91%,싱가포르산%],준초콜릿2.4%[독일산:레시틴(대두)],야자유,가당난황액(계란),혼합제제1(유화제,셀룰로오스검,구아검,로커스트콩검,카라기난),혼합제제2[혼합제제(반성전분,설탕분말),구아검,로커스트콩검,유화제],혼합제제3(유화제,구아검,카라기난),정제염,코코아추출물,합성착향료(밀크향,초코향),천연바닐라향</material><image>img/19.PNG</image></food>
</foods>