<?xml version="1.0" encoding="UTF-8"?>
<response>
	<header>
		<resultCode>00</resultCode>
		<resultMsg>NORMAL SERVICE.</resultMsg>
	</header>
	<body>
		<items>
			<item><DESC_KOR>신라면큰사발</DESC_KOR><SERVING_WT>80</SERVING_WT><NUTR_CONT1>347.37</NUTR_CONT1><NUTR_CONT2>54.74</NUTR_CONT2><NUTR_CONT3>5.61</NUTR_CONT3><NUTR_CONT4>11.93</NUTR_CONT4><NUTR_CONT5>2.81</NUTR_CONT5><NUTR_CONT6>1087.72</NUTR_CONT6><NUTR_CONT7>0</NUTR_CONT7><NUTR_CONT8>5.61</NUTR_CONT8><NUTR_CONT9>0</NUTR_CONT9><BGN_YEAR>2014</BGN_YEAR><ANIMAL_PLANT>농심</ANIMAL_PLANT></item>
			<item><DESC_KOR>진라면컵매운맛</DESC_KOR><SERVING_WT>80</SERVING_WT><NUTR_CONT1>275.2</NUTR_CONT1><NUTR_CONT2>42.24</NUTR_CONT2><NUTR_CONT3>5.76</NUTR_CONT3><NUTR_CONT4>8.96</NUTR_CONT4><NUTR_CONT5>3.2</NUTR_CONT5><NUTR_CONT6>1139.2</NUTR_CONT6><NUTR_CONT7>0</NUTR_CONT7><NUTR_CONT8>3.2</NUTR_CONT8><NUTR_CONT9>0</NUTR_CONT9><BGN_YEAR>2017</BGN_YEAR><ANIMAL_PLANT>오뚜기</ANIMAL_PLANT></item>
			<item><DESC_KOR>큰컵삼양라면</DESC_KOR><SERVING_WT>80</SERVING_WT><NUTR_CONT1>272.7</NUTR_CONT1><NUTR_CONT2>42.88</NUTR_CONT2><NUTR_CONT3>4.99</NUTR_CONT3><NUTR_CONT4>8.9</NUTR_CONT4><NUTR_CONT5>2.24</NUTR_CONT5><NUTR_CONT6>940.54</NUTR_CONT6><NUTR_CONT7>0</NUTR_CONT7><NUTR_CONT8>4.48</NUTR_CONT8><NUTR_CONT9>0</NUTR_CONT9><BGN_YEAR>2017</BGN_YEAR><ANIMAL_PLANT>삼양식품</ANIMAL_PLANT></item>
			<item><DESC_KOR>새우탕큰사발</DESC_KOR><SERVING_WT>80</SERVING_WT><NUTR_CONT1>372</NUTR_CONT1><NUTR_CONT2>48.16</NUTR_CONT2><NUTR_CONT3>7.68</NUTR_CONT3><NUTR_CONT4>15.76</NUTR_CONT4><NUTR_CONT5>N/A</NUTR_CONT5><NUTR_CONT6>1876</NUTR_CONT6><NUTR_CONT7>N/A</NUTR_CONT7><NUTR_CONT8>N/A</NUTR_CONT8><NUTR_CONT9>N/A</NUTR_CONT9><BGN_YEAR>2006</BGN_YEAR><ANIMAL_PLANT>농심</ANIMAL_PLANT></item>
			<item><DESC_KOR>육개장큰사발면</DESC_KOR><SERVING_WT>80</SERVING_WT><NUTR_CONT1>273.45</NUTR_CONT1><NUTR_CONT2>42.47</NUTR_CONT2><NUTR_CONT3>5.24</NUTR_CONT3><NUTR_CONT4>9.31</NUTR_CONT4><NUTR_CONT5>1.75</NUTR_CONT5><NUTR_CONT6>936.73</NUTR_CONT6><NUTR_CONT7>0</NUTR_CONT7><NUTR_CONT8>4.65</NUTR_CONT8><NUTR_CONT9>0</NUTR_CONT9><BGN_YEAR>2017</BGN_YEAR><ANIMAL_PLANT>농심</ANIMAL_PLANT></item>
			<item><DESC_KOR>메로나</DESC_KOR><SERVING_WT>100</SERVING_WT><NUTR_CONT1>156.25</NUTR_CONT1><NUTR_CONT2>25</NUTR_CONT2><NUTR_CONT3>1.25</NUTR_CONT3><NUTR_CONT4>6.25</NUTR_CONT4><NUTR_CONT5>20</NUTR_CONT5><NUTR_CONT6>68.75</NUTR_CONT6><NUTR_CONT7>18.75</NUTR_CONT7><NUTR_CONT8>4.75</NUTR_CONT8><NUTR_CONT9>0.63</NUTR_CONT9><BGN_YEAR>2017</BGN_YEAR><ANIMAL_PLANT>빙그레</ANIMAL_PLANT></item>
			<item><DESC_KOR>누크바</DESC_KOR><SERVING_WT>100</SERVING_WT><NUTR_CONT1>274</NUTR_CONT1><NUTR_CONT2>25</NUTR_CONT2><NUTR_CONT3>3</NUTR_CONT3><NUTR_CONT4>18.3</NUTR_CONT4><NUTR_CONT5>17.33</NUTR_CONT5><NUTR_CONT6>65</NUTR_CONT6><NUTR_CONT7>N/A</NUTR_CONT7><NUTR_CONT8>N/A</NUTR_CONT8><NUTR_CONT9>N/A</NUTR_CONT9><BGN_YEAR>2017</BGN_YEAR><ANIMAL_PLANT>롯데제과</ANIMAL_PLANT></item>
			<item><DESC_KOR>비비빅</DESC_KOR><SERVING_WT>100</SERVING_WT><NUTR_CONT1>186.67</NUTR_CONT1><NUTR_CONT2>40</NUTR_CONT2><NUTR_CONT3>3.33</NUTR_CONT3><NUTR_CONT4>1.6</NUTR_CONT4><NUTR_CONT5>21.25</NUTR_CONT5><NUTR_CONT6>106.67</NUTR_CONT6><NUTR_CONT7>6.67</NUTR_CONT7><NUTR_CONT8>1.07</NUTR_CONT8><NUTR_CONT9>0</NUTR_CONT9><BGN_YEAR>2017</BGN_YEAR><ANIMAL_PLANT>빙그레</ANIMAL_PLANT></item>
			<item><DESC_KOR>수박바</DESC_KOR><SERVING_WT>100</SERVING_WT><NUTR_CONT1>110.93</NUTR_CONT1><NUTR_CONT2>24.67</NUTR_CONT2><NUTR_CONT3>0.33</NUTR_CONT3><NUTR_CONT4>2.24</NUTR_CONT4><NUTR_CONT5>18.67</NUTR_CONT5><NUTR_CONT6>25.83</NUTR_CONT6><NUTR_CONT7>0.09</NUTR_CONT7><NUTR_CONT8>1.11</NUTR_CONT8><NUTR_CONT9>0.17</NUTR_CONT9><BGN_YEAR>2017</BGN_YEAR><ANIMAL_PLANT>롯데제과</ANIMAL_PLANT></item>
			<item><DESC_KOR>죠스바</DESC_KOR><SERVING_WT>100</SERVING_WT><NUTR_CONT1>113.33</NUTR_CONT1><NUTR_CONT2>28.4</NUTR_CONT2><NUTR_CONT3>0.04</NUTR_CONT3><NUTR_CONT4>0.09</NUTR_CONT4><NUTR_CONT5>20</NUTR_CONT5><NUTR_CONT6>0.68</NUTR_CONT6><NUTR_CONT7>0</NUTR_CONT7><NUTR_CONT8>0</NUTR_CONT8><NUTR_CONT9>0.17</NUTR_CONT9><BGN_YEAR>2017</BGN_YEAR><ANIMAL_PLANT>롯데제과</ANIMAL_PLANT></item>
			<item><DESC_KOR>서울우유바나나</DESC_KOR><SERVING_WT>200</SERVING_WT><NUTR_CONT1>340</NUTR_CONT1><NUTR_CONT2>44</NUTR_CONT2><NUTR_CONT3>10</NUTR_CONT3><NUTR_CONT4>14</NUTR_CONT4><NUTR_CONT5>40.44</NUTR_CONT5><NUTR_CONT6>170</NUTR_CONT6><NUTR_CONT7>40</NUTR_CONT7><NUTR_CONT8>8</NUTR_CONT8><NUTR_CONT9>0</NUTR_CONT9><BGN_YEAR>2017</BGN_YEAR><ANIMAL_PLANT>서울우유</ANIMAL_PLANT></item>
			<item><DESC_KOR>맛있는우유GT</DESC_KOR><SERVING_WT>200</SERVING_WT><NUTR_CONT1>280</NUTR_CONT1><NUTR_CONT2>20</NUTR_CONT2><NUTR_CONT3>12</NUTR_CONT3><NUTR_CONT4>16</NUTR_CONT4><NUTR_CONT5>18</NUTR_CONT5><NUTR_CONT6>200</NUTR_CONT6><NUTR_CONT7>60</NUTR_CONT7><NUTR_CONT8>9.6</NUTR_CONT8><NUTR_CONT9>0</NUTR_CONT9><BGN_YEAR>2017</BGN_YEAR><ANIMAL_PLANT>남양유업</ANIMAL_PLANT></item>
			<item><DESC_KOR>칠성사이다</DESC_KOR><SERVING_WT>200</SERVING_WT><NUTR_CONT1>168.42</NUTR_CONT1><NUTR_CONT2>42.11</NUTR_CONT2><NUTR_CONT3>0</NUTR_CONT3><NUTR_CONT4>0</NUTR_CONT4><NUTR_CONT5>33.6</NUTR_CONT5><NUTR_CONT6>10.53</NUTR_CONT6><NUTR_CONT7>0</NUTR_CONT7><NUTR_CONT8>0</NUTR_CONT8><NUTR_CONT9>0</NUTR_CONT9><BGN_YEAR>2017</BGN_YEAR><ANIMAL_PLANT>롯데칠성음료</ANIMAL_PLANT></item>
			<item><DESC_KOR>비타500칼슘</DESC_KOR><SERVING_WT>200</SERVING_WT><NUTR_CONT1>172.9</NUTR_CONT1><NUTR_CONT2>43</NUTR_CONT2><NUTR_CONT3>0.09</NUTR_CONT3><NUTR_CONT4>0.06</NUTR_CONT4><NUTR_CONT5>44</NUTR_CONT5><NUTR_CONT6>143.84</NUTR_CONT6><NUTR_CONT7>0</NUTR_CONT7><NUTR_CONT8>0</NUTR_CONT8><NUTR_CONT9>0</NUTR_CONT9><BGN_YEAR>2017</BGN_YEAR><ANIMAL_PLANT>광동제약</ANIMAL_PLANT></item>
			<item><DESC_KOR>비타파워</DESC_KOR><SERVING_WT>200</SERVING_WT><NUTR_CONT1>100</NUTR_CONT1><NUTR_CONT2>24</NUTR_CONT2><NUTR_CONT3>0</NUTR_CONT3><NUTR_CONT4>0</NUTR_CONT4><NUTR_CONT5>12.55</NUTR_CONT5><NUTR_CONT6>60</NUTR_CONT6><NUTR_CONT7>0</NUTR_CONT7><NUTR_CONT8>0</NUTR_CONT8><NUTR_CONT9>0</NUTR_CONT9><BGN_YEAR>2017</BGN_YEAR><ANIMAL_PLANT>롯데제과</ANIMAL_PLANT></item>
			<item><DESC_KOR>칸타타아메리카노</DESC_KOR><SERVING_WT>200</SERVING_WT><NUTR_CONT1>80</NUTR_CONT1><NUTR_CONT2>18.29</NUTR_CONT2><NUTR_CONT3>0</NUTR_CONT3><NUTR_CONT4>0</NUTR_CONT4><NUTR_CONT5>13.72</NUTR_CONT5><NUTR_CONT6>125.71</NUTR_CONT6><NUTR_CONT7>0</NUTR_CONT7><NUTR_CONT8>0</NUTR_CONT8><NUTR_CONT9>0</NUTR_CONT9><BGN_YEAR>2017</BGN_YEAR><ANIMAL_PLANT>롯데제과</ANIMAL_PLANT></item>
			<item><DESC_KOR>칸타타프리미엄라떼</DESC_KOR><SERVING_WT>200</SERVING_WT><NUTR_CONT1>182.86</NUTR_CONT1><NUTR_CONT2>36.57</NUTR_CONT2><NUTR_CONT3>4.57</NUTR_CONT3><NUTR_CONT4>2.06</NUTR_CONT4><NUTR_CONT5>36.56</NUTR_CONT5><NUTR_CONT6>228.57</NUTR_CONT6><NUTR_CONT7>11.43</NUTR_CONT7><NUTR_CONT8>1.37</NUTR_CONT8><NUTR_CONT9>0</NUTR_CONT9><BGN_YEAR>2017</BGN_YEAR><ANIMAL_PLANT>롯데제과</ANIMAL_PLANT></item>
			<item><DESC_KOR>맥심티오피스위트아메리카노</DESC_KOR><SERVING_WT>200</SERVING_WT><NUTR_CONT1>70.4</NUTR_CONT1><NUTR_CONT2>17.6</NUTR_CONT2><NUTR_CONT3>0</NUTR_CONT3><NUTR_CONT4>0</NUTR_CONT4><NUTR_CONT5>16</NUTR_CONT5><NUTR_CONT6>52</NUTR_CONT6><NUTR_CONT7>0</NUTR_CONT7><NUTR_CONT8>0</NUTR_CONT8><NUTR_CONT9>0</NUTR_CONT9><BGN_YEAR>2017</BGN_YEAR><ANIMAL_PLANT>동서식품</ANIMAL_PLANT></item>
			<item><DESC_KOR>맥심티오피마스터라떼</DESC_KOR><SERVING_WT>200</SERVING_WT><NUTR_CONT1>156.4</NUTR_CONT1><NUTR_CONT2>26</NUTR_CONT2><NUTR_CONT3>3.2</NUTR_CONT3><NUTR_CONT4>4.4</NUTR_CONT4><NUTR_CONT5>26.2</NUTR_CONT5><NUTR_CONT6>72.73</NUTR_CONT6><NUTR_CONT7>16</NUTR_CONT7><NUTR_CONT8>3.2</NUTR_CONT8><NUTR_CONT9>0</NUTR_CONT9><BGN_YEAR>2017</BGN_YEAR><ANIMAL_PLANT>동서식품</ANIMAL_PLANT></item>
			<item><DESC_KOR>아카페라아메리카노</DESC_KOR><SERVING_WT>200</SERVING_WT><NUTR_CONT1>58.33</NUTR_CONT1><NUTR_CONT2>13.33</NUTR_CONT2><NUTR_CONT3>0.83</NUTR_CONT3><NUTR_CONT4>0</NUTR_CONT4><NUTR_CONT5>11.68</NUTR_CONT5><NUTR_CONT6>91.67</NUTR_CONT6><NUTR_CONT7>0</NUTR_CONT7><NUTR_CONT8>0</NUTR_CONT8><NUTR_CONT9>0</NUTR_CONT9><BGN_YEAR>2017</BGN_YEAR><ANIMAL_PLANT>빙그레</ANIMAL_PLANT></item>
			<item><DESC_KOR>왕수박바</DESC_KOR><SERVING_WT>100</SERVING_WT><NUTR_CONT1>147.4</NUTR_CONT1><NUTR_CONT2>29.07</NUTR_CONT2><NUTR_CONT3>0</NUTR_CONT3><NUTR_CONT4>3.46</NUTR_CONT4><NUTR_CONT5>20</NUTR_CONT5><NUTR_CONT6>27.68</NUTR_CONT6><NUTR_CONT7>0</NUTR_CONT7><NUTR_CONT8>2.35</NUTR_CONT8><NUTR_CONT9>0</NUTR_CONT9><BGN_YEAR>2017</BGN_YEAR><ANIMAL_PLANT>빙그레</ANIMAL_PLANT></item>
			<item><DESC_KOR>양파링</DESC_KOR><SERVING_WT>30</SERVING_WT><NUTR_CONT1>142.5</NUTR_CONT1><NUTR_CONT2>20.25</NUTR_CONT2><NUTR_CONT3>1.5</NUTR_CONT3><NUTR_CONT4>6.75</NUTR_CONT4><NUTR_CONT5>1.5</NUTR_CONT5><NUTR_CONT6>195</NUTR_CONT6><NUTR_CONT7>0</NUTR_CONT7><NUTR_CONT8>2.03</NUTR_CONT8><NUTR_CONT9>0</NUTR_CONT9><BGN_YEAR>2015</BGN_YEAR><ANIMAL_PLANT>농심</ANIMAL_PLANT></item>
			<item><DESC_KOR>새우깡</DESC_KOR><SERVING_WT>30</SERVING_WT><NUTR_CONT1>44</NUTR_CONT1><NUTR_CONT2>6</NUTR_CONT2><NUTR_CONT3>0.6</NUTR_CONT3><NUTR_CONT4>2</NUTR_CONT4><NUTR_CONT5>0.3</NUTR_CONT5><NUTR_CONT6>54</NUTR_CONT6><NUTR_CONT7>0</NUTR_CONT7><NUTR_CONT8>0.64</NUTR_CONT8><NUTR_CONT9>0</NUTR_CONT9><BGN_YEAR>2017</BGN_YEAR><ANIMAL_PLANT>농심</ANIMAL_PLANT></item>
			<item><DESC_KOR>바나나킥</DESC_KOR><SERVING_WT>30</SERVING_WT><NUTR_CONT1>37.8</NUTR_CONT1><NUTR_CONT2>7.74</NUTR_CONT2><NUTR_CONT3>0.36</NUTR_CONT3><NUTR_CONT4>0.58</NUTR_CONT4><NUTR_CONT5>2.25</NUTR_CONT5><NUTR_CONT6>11.7</NUTR_CONT6><NUTR_CONT7>0</NUTR_CONT7><NUTR_CONT8>0.18</NUTR_CONT8><NUTR_CONT9>0</NUTR_CONT9><BGN_YEAR>2017</BGN_YEAR><ANIMAL_PLANT>농심</ANIMAL_PLANT></item>
			<item><DESC_KOR>서울우유</DESC_KOR><SERVING_WT>100</SERVING_WT><NUTR_CONT1>70</NUTR_CONT1><NUTR_CONT2>5</NUTR_CONT2><NUTR_CONT3>3</NUTR_CONT3><NUTR_CONT4>4</NUTR_CONT4><NUTR_CONT5>5</NUTR_CONT5><NUTR_CONT6>50</NUTR_CONT6><NUTR_CONT7>10</NUTR_CONT7><NUTR_CONT8>2.5</NUTR_CONT8><NUTR_CONT9>0</NUTR_CONT9><BGN_YEAR>2015</BGN_YEAR><ANIMAL_PLANT>서울우유</ANIMAL_PLANT></item>
			<item><DESC_KOR>칠성사이다</DESC_KOR><SERVING_WT>200</SERVING_WT><NUTR_CONT1>168.42</NUTR_CONT1><NUTR_CONT2>42.11</NUTR_CONT2><NUTR_CONT3>0</NUTR_CONT3><NUTR_CONT4>0</NUTR_CONT4><NUTR_CONT5>33.6</NUTR_CONT5><NUTR_CONT6>10.53</NUTR_CONT6><NUTR_CONT7>0</NUTR_CONT7><NUTR_CONT8>0</NUTR_CONT8><NUTR_CONT9>0</NUTR_CONT9><BGN_YEAR>2017</BGN_YEAR><ANIMAL_PLANT>롯데칠성음료</ANIMAL_PLANT></item>
			<item><DESC_KOR>마가렛트</DESC_KOR><SERVING_WT>100</SERVING_WT><NUTR_CONT1>508</NUTR_CONT1><NUTR_CONT2>58</NUTR_CONT2><NUTR_CONT3>5</NUTR_CONT3><NUTR_CONT4>28</NUTR_CONT4><NUTR_CONT5>21</NUTR_CONT5><NUTR_CONT6>258</NUTR_CONT6><NUTR_CONT7>29</NUTR_CONT7><NUTR_CONT8>13</NUTR_CONT8><NUTR_CONT9>0.6</NUTR_CONT9><BGN_YEAR>2015</BGN_YEAR><ANIMAL_PLANT>롯데제과</ANIMAL_PLANT></item>
			<item><DESC_KOR>롯데칸쵸</DESC_KOR><SERVING_WT>100</SERVING_WT><NUTR_CONT1>481</NUTR_CONT1><NUTR_CONT2>67</NUTR_CONT2><NUTR_CONT3>7</NUTR_CONT3><NUTR_CONT4>21</NUTR_CONT4><NUTR_CONT5>31</NUTR_CONT5><NUTR_CONT6>178</NUTR_CONT6><NUTR_CONT7>2.7</NUTR_CONT7><NUTR_CONT8>11</NUTR_CONT8><NUTR_CONT9>0.3</NUTR_CONT9><BGN_YEAR>2015</BGN_YEAR><ANIMAL_PLANT>롯데제과</ANIMAL_PLANT></item>
			<item><DESC_KOR>빼빼로</DESC_KOR><SERVING_WT>30</SERVING_WT><NUTR_CONT1>128.4</NUTR_CONT1><NUTR_CONT2>18.45</NUTR_CONT2><NUTR_CONT3>2.31</NUTR_CONT3><NUTR_CONT4>4.92</NUTR_CONT4><NUTR_CONT5>N/A</NUTR_CONT5><NUTR_CONT6>63.9</NUTR_CONT6><NUTR_CONT7>N/A</NUTR_CONT7><NUTR_CONT8>N/A</NUTR_CONT8><NUTR_CONT9>N/A</NUTR_CONT9><BGN_YEAR>2006</BGN_YEAR><ANIMAL_PLANT>롯데제과</ANIMAL_PLANT></item>
			<item><DESC_KOR>콘칩</DESC_KOR><SERVING_WT>30</SERVING_WT><NUTR_CONT1>157.9</NUTR_CONT1><NUTR_CONT2>19.23</NUTR_CONT2><NUTR_CONT3>1.49</NUTR_CONT3><NUTR_CONT4>8.33</NUTR_CONT4><NUTR_CONT5>0.25</NUTR_CONT5><NUTR_CONT6>122.63</NUTR_CONT6><NUTR_CONT7>0</NUTR_CONT7><NUTR_CONT8>2.54</NUTR_CONT8><NUTR_CONT9>0.07</NUTR_CONT9><BGN_YEAR>2017</BGN_YEAR><ANIMAL_PLANT>크라운제과</ANIMAL_PLANT></item>
			<item><DESC_KOR>미니리얼브라우니샌드</DESC_KOR><SERVING_WT>70</SERVING_WT><NUTR_CONT1>80.77</NUTR_CONT1><NUTR_CONT2>12.92</NUTR_CONT2><NUTR_CONT3>1.08</NUTR_CONT3><NUTR_CONT4>4.74</NUTR_CONT4><NUTR_CONT5>9.69</NUTR_CONT5><NUTR_CONT6>32.31</NUTR_CONT6><NUTR_CONT7>26.92</NUTR_CONT7><NUTR_CONT8>2.05</NUTR_CONT8><NUTR_CONT9>0</NUTR_CONT9><BGN_YEAR>2012</BGN_YEAR><ANIMAL_PLANT>삼립식품</ANIMAL_PLANT></item>
			<item><DESC_KOR>초코송이</DESC_KOR><SERVING_WT>30</SERVING_WT><NUTR_CONT1>46.35</NUTR_CONT1><NUTR_CONT2>5.94</NUTR_CONT2><NUTR_CONT3>0.72</NUTR_CONT3><NUTR_CONT4>2.16</NUTR_CONT4><NUTR_CONT5>3</NUTR_CONT5><NUTR_CONT6>9</NUTR_CONT6><NUTR_CONT7>N/A</NUTR_CONT7><NUTR_CONT8>N/A</NUTR_CONT8><NUTR_CONT9>N/A</NUTR_CONT9><BGN_YEAR>2017</BGN_YEAR><ANIMAL_PLANT>동양제과</ANIMAL_PLANT></item>
			<item><DESC_KOR>안성탕면</DESC_KOR><SERVING_WT>120</SERVING_WT><NUTR_CONT1>616.32</NUTR_CONT1><NUTR_CONT2>96.77</NUTR_CONT2><NUTR_CONT3>12.67</NUTR_CONT3><NUTR_CONT4>19.58</NUTR_CONT4><NUTR_CONT5>4.61</NUTR_CONT5><NUTR_CONT6>2062.08</NUTR_CONT6><NUTR_CONT7>0</NUTR_CONT7><NUTR_CONT8>9.22</NUTR_CONT8><NUTR_CONT9>0</NUTR_CONT9><BGN_YEAR>2017</BGN_YEAR><ANIMAL_PLANT>농심</ANIMAL_PLANT></item>
			<item><DESC_KOR>꼬꼬면</DESC_KOR><SERVING_WT>120</SERVING_WT><NUTR_CONT1>602.51</NUTR_CONT1><NUTR_CONT2>97.53</NUTR_CONT2><NUTR_CONT3>11.56</NUTR_CONT3><NUTR_CONT4>18.46</NUTR_CONT4><NUTR_CONT5>1.31</NUTR_CONT5><NUTR_CONT6>2349.47</NUTR_CONT6><NUTR_CONT7>1.95</NUTR_CONT7><NUTR_CONT8>9.79</NUTR_CONT8><NUTR_CONT9>0</NUTR_CONT9><BGN_YEAR>2017</BGN_YEAR><ANIMAL_PLANT>팔도</ANIMAL_PLANT></item>
			<item><DESC_KOR>꼬북칩</DESC_KOR><SERVING_WT>100</SERVING_WT><NUTR_CONT1>532</NUTR_CONT1><NUTR_CONT2>52.5</NUTR_CONT2><NUTR_CONT3>5.5</NUTR_CONT3><NUTR_CONT4>37</NUTR_CONT4><NUTR_CONT5>N/A</NUTR_CONT5><NUTR_CONT6>259</NUTR_CONT6><NUTR_CONT7>N/A</NUTR_CONT7><NUTR_CONT8>N/A</NUTR_CONT8><NUTR_CONT9>N/A</NUTR_CONT9><BGN_YEAR>2006</BGN_YEAR><ANIMAL_PLANT/></item>
			<item><DESC_KOR>호두마루</DESC_KOR><SERVING_WT>100</SERVING_WT><NUTR_CONT1>70</NUTR_CONT1><NUTR_CONT2>19</NUTR_CONT2><NUTR_CONT3>0</NUTR_CONT3><NUTR_CONT4>0.7</NUTR_CONT4><NUTR_CONT5>14</NUTR_CONT5><NUTR_CONT6>0</NUTR_CONT6><NUTR_CONT7>0</NUTR_CONT7><NUTR_CONT8>0.5</NUTR_CONT8><NUTR_CONT9>0</NUTR_CONT9><BGN_YEAR>2015</BGN_YEAR><ANIMAL_PLANT>롯데푸드</ANIMAL_PLANT></item>
			<item><DESC_KOR>체리마루</DESC_KOR><SERVING_WT>100</SERVING_WT><NUTR_CONT1>107.69</NUTR_CONT1><NUTR_CONT2>18.46</NUTR_CONT2><NUTR_CONT3>1.54</NUTR_CONT3><NUTR_CONT4>3</NUTR_CONT4><NUTR_CONT5>16.92</NUTR_CONT5><NUTR_CONT6>42.31</NUTR_CONT6><NUTR_CONT7>0</NUTR_CONT7><NUTR_CONT8>2.54</NUTR_CONT8><NUTR_CONT9>0</NUTR_CONT9><BGN_YEAR>2017</BGN_YEAR><ANIMAL_PLANT>빙그레</ANIMAL_PLANT></item>
			<item><DESC_KOR>스크류바</DESC_KOR><SERVING_WT>100</SERVING_WT><NUTR_CONT1>113.33</NUTR_CONT1><NUTR_CONT2>28</NUTR_CONT2><NUTR_CONT3>0.04</NUTR_CONT3><NUTR_CONT4>0.11</NUTR_CONT4><NUTR_CONT5>17.33</NUTR_CONT5><NUTR_CONT6>1.03</NUTR_CONT6><NUTR_CONT7>0</NUTR_CONT7><NUTR_CONT8>0</NUTR_CONT8><NUTR_CONT9>0.17</NUTR_CONT9><BGN_YEAR>2017</BGN_YEAR><ANIMAL_PLANT>롯데제과</ANIMAL_PLANT></item>
			<item><DESC_KOR>빵또아</DESC_KOR><SERVING_WT>100</SERVING_WT><NUTR_CONT1>111.1</NUTR_CONT1><NUTR_CONT2>18.3</NUTR_CONT2><NUTR_CONT3>1.7</NUTR_CONT3><NUTR_CONT4>3.3</NUTR_CONT4><NUTR_CONT5>11.7</NUTR_CONT5><NUTR_CONT6>83.3</NUTR_CONT6><NUTR_CONT7>16.7</NUTR_CONT7><NUTR_CONT8>2.8</NUTR_CONT8><NUTR_CONT9>0</NUTR_CONT9><BGN_YEAR>2015</BGN_YEAR><ANIMAL_PLANT>빙그레</ANIMAL_PLANT></item>
			<item><DESC_KOR>투게더</DESC_KOR><SERVING_WT>100</SERVING_WT><NUTR_CONT1>100</NUTR_CONT1><NUTR_CONT2>11</NUTR_CONT2><NUTR_CONT3>2</NUTR_CONT3><NUTR_CONT4>5</NUTR_CONT4><NUTR_CONT5>10</NUTR_CONT5><NUTR_CONT6>45</NUTR_CONT6><NUTR_CONT8>3.5</NUTR_CONT8><NUTR_CONT9>0</NUTR_CONT9><BGN_YEAR>2017</BGN_YEAR><ANIMAL_PLANT>빙그레</ANIMAL_PLANT></item>
		</items>
	</body>
</response>
